File_Name,Document_Section,Chapter_ID,Chapter_Name,Article_ID,Article_Name,Clause_ID,SubClause_ID,Processed_Text,Raw_Text
Annexes.pdf,Annexes,,,I,List of Union harmonisation legislation,,,section a. list union harmonisation legislation base new legislative framework,Section A. List of Union harmonisation legislation based on the New Legislative Framework
Annexes.pdf,Annexes,,,I,List of Union harmonisation legislation,1,,directive 2006/42 ec european parliament council 17 may 2006 machinery amend directive 95/16 ec oj l 157 9.6.2006 p. 24,"Directive 2006/42/EC of the European Parliament and of the Council of 17 May 2006 on machinery, and amending Directive 95/16/EC (OJ L 157, 9.6.2006, p. 24);"
Annexes.pdf,Annexes,,,I,List of Union harmonisation legislation,2,,directive 2009/48 ec european parliament council 18 june 2009 safety toy oj l 170 30.6.2009 p. 1,"Directive 2009/48/EC of the European Parliament and of the Council of 18 June 2009 on the safety of toys (OJ L 170, 30.6.2009, p. 1);"
Annexes.pdf,Annexes,,,I,List of Union harmonisation legislation,3,,directive 2013/53 eu european parliament council 20 november 2013 recreational craft personal watercraft repeal directive 94/25 ec oj l 354 28.12.2013 p. 90,"Directive 2013/53/EU of the European Parliament and of the Council of 20 November 2013 on recreational craft and personal watercraft and repealing Directive 94/25/EC (OJ L 354, 28.12.2013, p. 90);"
Annexes.pdf,Annexes,,,I,List of Union harmonisation legislation,4,,directive 2014/33 eu european parliament council 26 february 2014 harmonisation law member states relate lift safety component lift oj l 96 29.3.2014 p. 251,"Directive 2014/33/EU of the European Parliament and of the Council of 26 February 2014 on the harmonisation of the laws of the Member States relating to lifts and safety components for lifts (OJ L 96, 29.3.2014, p. 251);"
Annexes.pdf,Annexes,,,I,List of Union harmonisation legislation,5,,directive 2014/34 eu european parliament council 26 february 2014 harmonisation law member states relate equipment protective system intend use potentially explosive atmosphere oj l 96 29.3.2014 p. 309,"Directive 2014/34/EU of the European Parliament and of the Council of 26 February 2014 on the harmonisation of the laws of the Member States relating to equipment and protective systems intended for use in potentially explosive atmospheres (OJ L 96, 29.3.2014, p. 309);"
Annexes.pdf,Annexes,,,I,List of Union harmonisation legislation,6,,directive 2014/53 eu european parliament council 16 april 2014 harmonisation law member states relate making available market radio equipment repeal directive 1999/5 ec oj l 153 22.5.2014 p. 62,"Directive 2014/53/EU of the European Parliament and of the Council of 16 April 2014 on the harmonisation of the laws of the Member States relating to the making available on the market of radio equipment and repealing Directive 1999/5/EC (OJ L 153, 22.5.2014, p. 62);"
Annexes.pdf,Annexes,,,I,List of Union harmonisation legislation,7,,directive 2014/68 eu european parliament council 15 may 2014 harmonisation law member states relate making available market pressure equipment oj l 189,"Directive 2014/68/EU of the European Parliament and of the Council of 15 May 2014 on the harmonisation of the laws of the Member States relating to the making available on the market of pressure equipment (OJ L 189,"
Annexes.pdf,Annexes,,,I,List of Union harmonisation legislation,27,,6.2014 p. 164,"6.2014, p. 164);"
Annexes.pdf,Annexes,,,I,List of Union harmonisation legislation,8,,regulation eu 2016/424 european parliament council 9 march 2016 cableway installation repeal directive 2000/9 ec oj l 81 31.3.2016 p. 1,"Regulation (EU) 2016/424 of the European Parliament and of the Council of 9 March 2016 on cableway installations and repealing Directive 2000/9/EC (OJ L 81, 31.3.2016, p. 1);"
Annexes.pdf,Annexes,,,I,List of Union harmonisation legislation,9,,regulation eu 2016/425 european parliament council 9 march 2016 personal protective equipment repeal council directive 89/686 eec oj l 81 31.3.2016 p. 51,"Regulation (EU) 2016/425 of the European Parliament and of the Council of 9 March 2016 on personal protective equipment and repealing Council Directive 89/686/EEC (OJ L 81, 31.3.2016, p. 51);"
Annexes.pdf,Annexes,,,I,List of Union harmonisation legislation,10,,regulation eu 2016/426 european parliament council 9 march 2016 appliance burn gaseous fuel repeal directive 2009/142 ec oj l 81 31.3.2016 p. 99,"Regulation (EU) 2016/426 of the European Parliament and of the Council of 9 March 2016 on appliances burning gaseous fuels and repealing Directive 2009/142/EC (OJ L 81, 31.3.2016, p. 99);"
Annexes.pdf,Annexes,,,I,List of Union harmonisation legislation,11,,regulation eu 2017/745 european parliament council 5 april 2017 medical device amend directive 2001/83 ec regulation ec no 178/2002 regulation ec no 1223/2009 repeal council directives 90/385 eec 93/42 eec oj l 117 5.5.2017 p. 1,"Regulation (EU) 2017/745 of the European Parliament and of the Council of 5 April 2017 on medical devices, amending Directive 2001/83/EC, Regulation (EC) No 178/2002 and Regulation (EC) No 1223/2009 and repealing Council Directives 90/385/EEC and 93/42/EEC (OJ L 117, 5.5.2017, p. 1);"
Annexes.pdf,Annexes,,,I,List of Union harmonisation legislation,12,,regulation eu 2017/746 european parliament council 5 april 2017 vitro diagnostic medical device repeal directive 98/79 ec commission decision 2010/227 eu oj l 117 5.5.2017 p. 176 section b. list union harmonisation legislation,"Regulation (EU) 2017/746 of the European Parliament and of the Council of 5 April 2017 on in vitro diagnostic medical devices and repealing Directive 98/79/EC and Commission Decision 2010/227/EU (OJ L 117, 5.5.2017, p. 176). Section B. List of other Union harmonisation legislation"
Annexes.pdf,Annexes,,,I,List of Union harmonisation legislation,13,,regulation ec no 300/2008 european parliament council 11 march 2008 common rule field civil aviation security repeal regulation ec no 2320/2002 oj l 97 9.4.2008 p. 72,"Regulation (EC) No 300/2008 of the European Parliament and of the Council of 11 March 2008 on common rules in the field of civil aviation security and repealing Regulation (EC) No 2320/2002 (OJ L 97, 9.4.2008, p. 72);"
Annexes.pdf,Annexes,,,I,List of Union harmonisation legislation,14,,regulation eu no 168/2013 european parliament council 15 january 2013 approval market surveillance two- wheel vehicle quadricycle oj l 60 2.3.2013 p. 52,"Regulation (EU) No 168/2013 of the European Parliament and of the Council of 15 January 2013 on the approval and market surveillance of two- or three-wheel vehicles and quadricycles (OJ L 60, 2.3.2013, p. 52);"
Annexes.pdf,Annexes,,,I,List of Union harmonisation legislation,15,,regulation eu no 167/2013 european parliament council 5 february 2013 approval market surveillance agricultural forestry vehicle oj l 60 2.3.2013 p. 1,"Regulation (EU) No 167/2013 of the European Parliament and of the Council of 5 February 2013 on the approval and market surveillance of agricultural and forestry vehicles (OJ L 60, 2.3.2013, p. 1);"
Annexes.pdf,Annexes,,,I,List of Union harmonisation legislation,16,,directive 2014/90 eu european parliament council 23 july 2014 marine equipment repeal council directive 96/98 ec oj l 257 28.8.2014 p. 146,"Directive 2014/90/EU of the European Parliament and of the Council of 23 July 2014 on marine equipment and repealing Council Directive 96/98/EC (OJ L 257, 28.8.2014, p. 146);"
Annexes.pdf,Annexes,,,I,List of Union harmonisation legislation,17,,directive eu 2016/797 european parliament council 11 may 2016 interoperability rail system european union oj l 138 26.5.2016 p. 44,"Directive (EU) 2016/797 of the European Parliament and of the Council of 11 May 2016 on the interoperability of the rail system within the European Union (OJ L 138, 26.5.2016, p. 44);"
Annexes.pdf,Annexes,,,I,List of Union harmonisation legislation,18,,regulation eu 2018/858 european parliament council 30 may 2018 approval market surveillance motor vehicle trailer system component separate technical unit intend vehicle amend regulations ec no 715/2007 ec no 595/2009 repeal directive 2007/46 ec oj l 151 14.6.2018 p. 1,"Regulation (EU) 2018/858 of the European Parliament and of the Council of 30 May 2018 on the approval and market surveillance of motor vehicles and their trailers, and of systems, components and separate technical units intended for such vehicles, amending Regulations (EC) No 715/2007 and (EC) No 595/2009 and repealing Directive 2007/46/EC (OJ L 151, 14.6.2018, p. 1);"
Annexes.pdf,Annexes,,,I,List of Union harmonisation legislation,19,,regulation eu 2019/2144 european parliament council 27 november 2019 type approval requirement motor vehicle trailer system component separate technical unit intend vehicle regard general safety protection vehicle occupant vulnerable road user amend regulation eu 2018/858 european parliament council repeal regulations ec no 78/2009 ec no 79/2009 ec no 661/2009 european parliament council commission regulations ec no 631/2009 eu no 406/2010 eu no 672/2010 eu no 1003/2010 eu no 1005/2010 eu no 1008/2010 eu no 1009/2010 eu no 19/2011 eu no 109/2011 eu no 458/2011 eu no 65/2012 eu no 130/2012 eu no 347/2012 eu no 351/2012 eu no 1230/2012 eu 2015/166 oj l 325 16.12.2019 p. 1,"Regulation (EU) 2019/2144 of the European Parliament and of the Council of 27 November 2019 on type-approval requirements for motor vehicles and their trailers, and systems, components and separate technical units intended for such vehicles, as regards their general safety and the protection of vehicle occupants and vulnerable road users, amending Regulation (EU) 2018/858 of the European Parliament and of the Council and repealing Regulations (EC) No 78/2009, (EC) No 79/2009 and (EC) No 661/2009 of the European Parliament and of the Council and Commission Regulations (EC) No 631/2009, (EU) No 406/2010, (EU) No 672/2010, (EU) No 1003/2010, (EU) No 1005/2010, (EU) No 1008/2010, (EU) No 1009/2010, (EU) No 19/2011, (EU) No 109/2011, (EU) No 458/2011, (EU) No 65/2012, (EU) No 130/2012, (EU) No 347/2012, (EU) No 351/2012, (EU) No 1230/2012 and (EU) 2015/166 (OJ L 325, 16.12.2019, p. 1);"
Annexes.pdf,Annexes,,,I,List of Union harmonisation legislation,20,,regulation eu 2018/1139 european parliament council 4 july 2018 common rule field civil aviation establish european union aviation safety agency amend regulations ec no 2111/2005 ec no 1008/2008 eu no 996/2010 eu no 376/2014 directive 2014/30 eu 2014/53 eu european parliament council repeal regulations ec no 552/2004 ec no 216/2008 european parliament council council regulation eec no 3922/91 oj l 212,"Regulation (EU) 2018/1139 of the European Parliament and of the Council of 4 July 2018 on common rules in the field of civil aviation and establishing a European Union Aviation Safety Agency, and amending Regulations (EC) No 2111/2005, (EC) No 1008/2008, (EU) No 996/2010, (EU) No 376/2014 and Directives 2014/30/EU and 2014/53/EU of the European Parliament and of the Council, and repealing Regulations (EC) No 552/2004 and (EC) No 216/2008 of the European Parliament and of the Council and Council Regulation (EEC) No 3922/91 (OJ L 212,"
Annexes.pdf,Annexes,,,I,List of Union harmonisation legislation,22,,8.2018 p. 1 far design production place market aircraft refer article 2(1 point b thereof concern unmanned aircraft engine propeller part equipment control remotely concern,"8.2018, p. 1), in so far as the design, production and placing on the market of aircrafts referred to in Article 2(1), points (a) and (b) thereof, where it concerns unmanned aircraft and their engines, propellers, parts and equipment to control them remotely, are concerned."
Annexes.pdf,Annexes,,,II,"List of criminal offences referred to in Article 5(1), first subparagraph, point (h)(iii)",,,criminal offence refer article 5(1 subparagraph point h)(iii terrorism traffic human being sexual exploitation child child pornography illicit trafficking narcotic drug psychotropic substance illicit trafficking weapon munition explosive murder grievous bodily injury illicit trade human organ tissue illicit trafficking nuclear radioactive material kidnapping illegal restraint hostage taking crime jurisdiction international criminal court unlawful seizure aircraft ship rape environmental crime organise armed robbery sabotage participation criminal organisation involve offence list,"Criminal offences referred to in Article 5(1), first subparagraph, point (h)(iii): — terrorism, — trafficking in human beings, — sexual exploitation of children, and child pornography, — illicit trafficking in narcotic drugs or psychotropic substances, — illicit trafficking in weapons, munitions or explosives, — murder, grievous bodily injury, — illicit trade in human organs or tissue, — illicit trafficking in nuclear or radioactive materials, — kidnapping, illegal restraint or hostage-taking, — crimes within the jurisdiction of the International Criminal Court, — unlawful seizure of aircraft or ships, — rape, — environmental crime, — organised or armed robbery, — sabotage, — participation in a criminal organisation involved in one or more of the offences listed above."
Annexes.pdf,Annexes,,,III,High-risk AI systems referred to in Article 6(2),,,high risk ai system pursuant article 6(2 ai system list following area,High-risk AI systems pursuant to Article 6(2) are the AI systems listed in any of the following areas:
Annexes.pdf,Annexes,,,III,High-risk AI systems referred to in Article 6(2),1,,biometric far use permit relevant union national law,"Biometrics, in so far as their use is permitted under relevant Union or national law:"
Annexes.pdf,Annexes,,,III,High-risk AI systems referred to in Article 6(2),1,1(a),remote biometric identification system shall not include ai system intend biometric verification sole purpose confirm specific natural person person claim,remote biometric identification systems. This shall not include AI systems intended to be used for biometric verification the sole purpose of which is to confirm that a specific natural person is the person he or she claims to be;
Annexes.pdf,Annexes,,,III,High-risk AI systems referred to in Article 6(2),1,1(b),ai system intend biometric categorisation accord sensitive protect attribute characteristic base inference attribute characteristic,"AI systems intended to be used for biometric categorisation, according to sensitive or protected attributes or characteristics based on the inference of those attributes or characteristics;"
Annexes.pdf,Annexes,,,III,High-risk AI systems referred to in Article 6(2),1,1(c),ai system intend emotion recognition,AI systems intended to be used for emotion recognition.
Annexes.pdf,Annexes,,,III,High-risk AI systems referred to in Article 6(2),2,,critical infrastructure ai system intend safety component management operation critical digital infrastructure road traffic supply water gas heating electricity,"Critical infrastructure: AI systems intended to be used as safety components in the management and operation of critical digital infrastructure, road traffic, or in the supply of water, gas, heating or electricity."
Annexes.pdf,Annexes,,,III,High-risk AI systems referred to in Article 6(2),3,,education vocational training,Education and vocational training:
Annexes.pdf,Annexes,,,III,High-risk AI systems referred to in Article 6(2),3,3(a),ai system intend determine access admission assign natural person educational vocational training institution level,AI systems intended to be used to determine access or admission or to assign natural persons to educational and vocational training institutions at all levels;
Annexes.pdf,Annexes,,,III,High-risk AI systems referred to in Article 6(2),3,3(b),ai system intend evaluate learning outcome include outcome steer learning process natural person educational vocational training institution level,"AI systems intended to be used to evaluate learning outcomes, including when those outcomes are used to steer the learning process of natural persons in educational and vocational training institutions at all levels;"
Annexes.pdf,Annexes,,,III,High-risk AI systems referred to in Article 6(2),3,3(c),ai system intend purpose assess appropriate level education individual receive able access context educational vocational training institution level,"AI systems intended to be used for the purpose of assessing the appropriate level of education that an individual will receive or will be able to access, in the context of or within educational and vocational training institutions at all levels;"
Annexes.pdf,Annexes,,,III,High-risk AI systems referred to in Article 6(2),3,3(d),ai system intend monitoring detect prohibit behaviour student test context educational vocational training institution level,AI systems intended to be used for monitoring and detecting prohibited behaviour of students during tests in the context of or within educational and vocational training institutions at all levels.
Annexes.pdf,Annexes,,,III,High-risk AI systems referred to in Article 6(2),4,,employment worker management access self employment,"Employment, workers’ management and access to self-employment:"
Annexes.pdf,Annexes,,,III,High-risk AI systems referred to in Article 6(2),4,4(a),ai system intend recruitment selection natural person particular place target job advertisement analyse filter job application evaluate candidate,"AI systems intended to be used for the recruitment or selection of natural persons, in particular to place targeted job advertisements, to analyse and filter job applications, and to evaluate candidates;"
Annexes.pdf,Annexes,,,III,High-risk AI systems referred to in Article 6(2),4,4(b),ai system intend decision affect term work relate relationship promotion termination work relate contractual relationship allocate task base individual behaviour personal trait characteristic monitor evaluate performance behaviour person relationship,"AI systems intended to be used to make decisions affecting terms of work-related relationships, the promotion or termination of work-related contractual relationships, to allocate tasks based on individual behaviour or personal traits or characteristics or to monitor and evaluate the performance and behaviour of persons in such relationships."
Annexes.pdf,Annexes,,,III,High-risk AI systems referred to in Article 6(2),5,,access enjoyment essential private service essential public service benefit,Access to and enjoyment of essential private services and essential public services and benefits:
Annexes.pdf,Annexes,,,III,High-risk AI systems referred to in Article 6(2),5,5(a),ai system intend public authority behalf public authority evaluate eligibility natural person essential public assistance benefit service include healthcare service grant reduce revoke reclaim benefit service,"AI systems intended to be used by public authorities or on behalf of public authorities to evaluate the eligibility of natural persons for essential public assistance benefits and services, including healthcare services, as well as to grant, reduce, revoke, or reclaim such benefits and services;"
Annexes.pdf,Annexes,,,III,High-risk AI systems referred to in Article 6(2),5,5(b),ai system intend evaluate creditworthiness natural person establish credit score exception ai system purpose detect financial fraud,"AI systems intended to be used to evaluate the creditworthiness of natural persons or establish their credit score, with the exception of AI systems used for the purpose of detecting financial fraud;"
Annexes.pdf,Annexes,,,III,High-risk AI systems referred to in Article 6(2),5,5(c),ai system intend risk assessment pricing relation natural person case life health insurance,AI systems intended to be used for risk assessment and pricing in relation to natural persons in the case of life and health insurance;
Annexes.pdf,Annexes,,,III,High-risk AI systems referred to in Article 6(2),5,5(d),ai system intend evaluate classify emergency call natural person dispatch establish priority dispatching emergency response service include police firefighter medical aid emergency healthcare patient triage system,"AI systems intended to evaluate and classify emergency calls by natural persons or to be used to dispatch, or to establish priority in the dispatching of, emergency first response services, including by police, firefighters and medical aid, as well as of emergency healthcare patient triage systems."
Annexes.pdf,Annexes,,,III,High-risk AI systems referred to in Article 6(2),6,,law enforcement far use permit relevant union national law,"Law enforcement, in so far as their use is permitted under relevant Union or national law:"
Annexes.pdf,Annexes,,,III,High-risk AI systems referred to in Article 6(2),6,6(a),ai system intend behalf law enforcement authority union institution body office agency support law enforcement authority behalf assess risk natural person victim criminal offence,"AI systems intended to be used by or on behalf of law enforcement authorities, or by Union institutions, bodies, offices or agencies in support of law enforcement authorities or on their behalf to assess the risk of a natural person becoming the victim of criminal offences;"
Annexes.pdf,Annexes,,,III,High-risk AI systems referred to in Article 6(2),6,6(b),ai system intend behalf law enforcement authority union institution body office agency support law enforcement authority polygraph similar tool,"AI systems intended to be used by or on behalf of law enforcement authorities or by Union institutions, bodies, offices or agencies in support of law enforcement authorities as polygraphs or similar tools;"
Annexes.pdf,Annexes,,,III,High-risk AI systems referred to in Article 6(2),6,6(c),ai system intend behalf law enforcement authority union institution body office agency support law enforcement authority evaluate reliability evidence course investigation prosecution criminal offence,"AI systems intended to be used by or on behalf of law enforcement authorities, or by Union institutions, bodies, offices or agencies, in support of law enforcement authorities to evaluate the reliability of evidence in the course of the investigation or prosecution of criminal offences;"
Annexes.pdf,Annexes,,,III,High-risk AI systems referred to in Article 6(2),6,6(d),ai system intend law enforcement authority behalf union institution body office agency support law enforcement authority assess risk natural person offend offend not solely basis profiling natural person refer article 3(4 directive eu 2016/680 assess personality trait characteristic past criminal behaviour natural person group,"AI systems intended to be used by law enforcement authorities or on their behalf or by Union institutions, bodies, offices or agencies in support of law enforcement authorities for assessing the risk of a natural person offending or re-offending not solely on the basis of the profiling of natural persons as referred to in Article 3(4) of Directive (EU) 2016/680, or to assess personality traits and characteristics or past criminal behaviour of natural persons or groups;"
Annexes.pdf,Annexes,,,III,High-risk AI systems referred to in Article 6(2),6,6(e),ai system intend behalf law enforcement authority union institution body office agency support law enforcement authority profiling natural person refer article 3(4 directive eu 2016/680 course detection investigation prosecution criminal offence,"AI systems intended to be used by or on behalf of law enforcement authorities or by Union institutions, bodies, offices or agencies in support of law enforcement authorities for the profiling of natural persons as referred to in Article 3(4) of Directive (EU) 2016/680 in the course of the detection, investigation or prosecution of criminal offences."
Annexes.pdf,Annexes,,,III,High-risk AI systems referred to in Article 6(2),7,,migration asylum border control management far use permit relevant union national law,"Migration, asylum and border control management, in so far as their use is permitted under relevant Union or national law:"
Annexes.pdf,Annexes,,,III,High-risk AI systems referred to in Article 6(2),7,7(a),ai system intend behalf competent public authority union institution body office agency polygraph similar tool,"AI systems intended to be used by or on behalf of competent public authorities or by Union institutions, bodies, offices or agencies as polygraphs or similar tools;"
Annexes.pdf,Annexes,,,III,High-risk AI systems referred to in Article 6(2),7,7(b),ai system intend behalf competent public authority union institution body office agency assess risk include security risk risk irregular migration health risk pose natural person intend enter enter territory member state,"AI systems intended to be used by or on behalf of competent public authorities or by Union institutions, bodies, offices or agencies to assess a risk, including a security risk, a risk of irregular migration, or a health risk, posed by a natural person who intends to enter or who has entered into the territory of a Member State;"
Annexes.pdf,Annexes,,,III,High-risk AI systems referred to in Article 6(2),7,7(c),ai system intend behalf competent public authority union institution body office agency assist competent public authority examination application asylum visa residence permit associate complaint regard eligibility natural person apply status include related assessment reliability evidence,"AI systems intended to be used by or on behalf of competent public authorities or by Union institutions, bodies, offices or agencies to assist competent public authorities for the examination of applications for asylum, visa or residence permits and for associated complaints with regard to the eligibility of the natural persons applying for a status, including related assessments of the reliability of evidence;"
Annexes.pdf,Annexes,,,III,High-risk AI systems referred to in Article 6(2),7,7(d),ai system intend behalf competent public authority union institution body office agency context migration asylum border control management purpose detecting recognise identify natural person exception verification travel document,"AI systems intended to be used by or on behalf of competent public authorities, or by Union institutions, bodies, offices or agencies, in the context of migration, asylum or border control management, for the purpose of detecting, recognising or identifying natural persons, with the exception of the verification of travel documents."
Annexes.pdf,Annexes,,,III,High-risk AI systems referred to in Article 6(2),8,,administration justice democratic process,Administration of justice and democratic processes:
Annexes.pdf,Annexes,,,III,High-risk AI systems referred to in Article 6(2),8,8(a),ai system intend judicial authority behalf assist judicial authority research interpret fact law apply law concrete set fact similar way alternative dispute resolution,"AI systems intended to be used by a judicial authority or on their behalf to assist a judicial authority in researching and interpreting facts and the law and in applying the law to a concrete set of facts, or to be used in a similar way in alternative dispute resolution;"
Annexes.pdf,Annexes,,,III,High-risk AI systems referred to in Article 6(2),8,8(b),ai system intend influence outcome election referendum vote behaviour natural person exercise vote election referenda not include ai system output natural person not directly expose tool organise optimise structure political campaign administrative logistical point view,"AI systems intended to be used for influencing the outcome of an election or referendum or the voting behaviour of natural persons in the exercise of their vote in elections or referenda. This does not include AI systems to the output of which natural persons are not directly exposed, such as tools used to organise, optimise or structure political campaigns from an administrative or logistical point of view."
Annexes.pdf,Annexes,,,IV,Technical documentation referred to in Article 11(1),,,technical documentation refer article 11(1 shall contain follow information applicable relevant ai system,"The technical documentation referred to in Article 11(1) shall contain at least the following information, as applicable to the relevant AI system:"
Annexes.pdf,Annexes,,,IV,Technical documentation referred to in Article 11(1),1,,general description ai system include,A general description of the AI system including:
Annexes.pdf,Annexes,,,IV,Technical documentation referred to in Article 11(1),1,1(a),intended purpose provider version system reflect relation previous version,"its intended purpose, the name of the provider and the version of the system reflecting its relation to previous versions;"
Annexes.pdf,Annexes,,,IV,Technical documentation referred to in Article 11(1),1,1(b),ai system interact interact hardware software include ai system not ai system applicable,"how the AI system interacts with, or can be used to interact with, hardware or software, including with other AI systems, that are not part of the AI system itself, where applicable;"
Annexes.pdf,Annexes,,,IV,Technical documentation referred to in Article 11(1),1,1(c),version relevant software firmware requirement relate version update,"the versions of relevant software or firmware, and any requirements related to version updates;"
Annexes.pdf,Annexes,,,IV,Technical documentation referred to in Article 11(1),1,1(d),description form ai system place market service software package embed hardware download api,"the description of all the forms in which the AI system is placed on the market or put into service, such as software packages embedded into hardware, downloads, or APIs;"
Annexes.pdf,Annexes,,,IV,Technical documentation referred to in Article 11(1),1,1(e),description hardware ai system intend run,the description of the hardware on which the AI system is intended to run;
Annexes.pdf,Annexes,,,IV,Technical documentation referred to in Article 11(1),1,1(f),ai system component product photograph illustration show external feature marking internal layout product,"where the AI system is a component of products, photographs or illustrations showing external features, the marking and internal layout of those products;"
Annexes.pdf,Annexes,,,IV,Technical documentation referred to in Article 11(1),1,1(g),basic description user interface provide deployer,a basic description of the user-interface provided to the deployer;
Annexes.pdf,Annexes,,,IV,Technical documentation referred to in Article 11(1),1,1(h),instruction use deployer basic description user interface provide deployer applicable,"instructions for use for the deployer, and a basic description of the user-interface provided to the deployer, where applicable;"
Annexes.pdf,Annexes,,,IV,Technical documentation referred to in Article 11(1),2,,detailed description element ai system process development include,"A detailed description of the elements of the AI system and of the process for its development, including:"
Annexes.pdf,Annexes,,,IV,Technical documentation referred to in Article 11(1),2,2(a),method step perform development ai system include relevant recourse pre train system tool provide party integrate modify provider,"the methods and steps performed for the development of the AI system, including, where relevant, recourse to pre-trained systems or tools provided by third parties and how those were used, integrated or modified by the provider;"
Annexes.pdf,Annexes,,,IV,Technical documentation referred to in Article 11(1),2,2(b),design specification system general logic ai system algorithm key design choice include rationale assumption include regard person group person respect system intend main classification choice system design optimise relevance different parameter description expect output output quality system decision possible trade technical solution adopt comply requirement set chapter iii section 2,"the design specifications of the system, namely the general logic of the AI system and of the algorithms; the key design choices including the rationale and assumptions made, including with regard to persons or groups of persons in respect of who, the system is intended to be used; the main classification choices; what the system is designed to optimise for, and the relevance of the different parameters; the description of the expected output and output quality of the system; the decisions about any possible trade-off made regarding the technical solutions adopted to comply with the requirements set out in Chapter III, Section 2;"
Annexes.pdf,Annexes,,,IV,Technical documentation referred to in Article 11(1),2,2(c),description system architecture explain software component build feed integrate overall processing computational resource develop train test validate ai system,"the description of the system architecture explaining how software components build on or feed into each other and integrate into the overall processing; the computational resources used to develop, train, test and validate the AI system;"
Annexes.pdf,Annexes,,,IV,Technical documentation referred to in Article 11(1),2,2(d),relevant data requirement term datasheet describe training methodology technique training datum set include general description data set information provenance scope main characteristic datum obtain select label procedure e.g. supervised learning datum clean methodology e.g. outlier detection,"where relevant, the data requirements in terms of datasheets describing the training methodologies and techniques and the training data sets used, including a general description of these data sets, information about their provenance, scope and main characteristics; how the data was obtained and selected; labelling procedures (e.g. for supervised learning), data cleaning methodologies (e.g. outliers detection);"
Annexes.pdf,Annexes,,,IV,Technical documentation referred to in Article 11(1),2,2(e),assessment human oversight measure need accordance article 14 include assessment technical measure need facilitate interpretation output ai system deployer accordance article 13(3 point d,"assessment of the human oversight measures needed in accordance with Article 14, including an assessment of the technical measures needed to facilitate the interpretation of the outputs of AI systems by the deployers, in accordance with Article 13(3), point (d);"
Annexes.pdf,Annexes,,,IV,Technical documentation referred to in Article 11(1),2,2(f),applicable detailed description pre determined change ai system performance relevant information relate technical solution adopt ensure continuous compliance ai system relevant requirement set chapter iii section 2,"where applicable, a detailed description of pre-determined changes to the AI system and its performance, together with all the relevant information related to the technical solutions adopted to ensure continuous compliance of the AI system with the relevant requirements set out in Chapter III, Section 2;"
Annexes.pdf,Annexes,,,IV,Technical documentation referred to in Article 11(1),2,2(g),validation testing procedure include information validation testing datum main characteristic metric measure accuracy robustness compliance relevant requirement set chapter iii section 2 potentially discriminatory impact test log test report date sign responsible person include regard pre determined change refer point f,"the validation and testing procedures used, including information about the validation and testing data used and their main characteristics; metrics used to measure accuracy, robustness and compliance with other relevant requirements set out in Chapter III, Section 2, as well as potentially discriminatory impacts; test logs and all test reports dated and signed by the responsible persons, including with regard to pre-determined changes as referred to under point (f);"
Annexes.pdf,Annexes,,,IV,Technical documentation referred to in Article 11(1),2,2(h),cybersecurity measure place,cybersecurity measures put in place;
Annexes.pdf,Annexes,,,IV,Technical documentation referred to in Article 11(1),3,,detailed information monitoring functioning control ai system particular regard capability limitation performance include degree accuracy specific person group person system intend overall expect level accuracy relation intended purpose foreseeable unintended outcome source risk health safety fundamental right discrimination view intend purpose ai system human oversight measure need accordance article 14 include technical measure place facilitate interpretation output ai system deployer specification input datum appropriate,"Detailed information about the monitoring, functioning and control of the AI system, in particular with regard to: its capabilities and limitations in performance, including the degrees of accuracy for specific persons or groups of persons on which the system is intended to be used and the overall expected level of accuracy in relation to its intended purpose; the foreseeable unintended outcomes and sources of risks to health and safety, fundamental rights and discrimination in view of the intended purpose of the AI system; the human oversight measures needed in accordance with Article 14, including the technical measures put in place to facilitate the interpretation of the outputs of AI systems by the deployers; specifications on input data, as appropriate;"
Annexes.pdf,Annexes,,,IV,Technical documentation referred to in Article 11(1),4,,description appropriateness performance metric specific ai system,A description of the appropriateness of the performance metrics for the specific AI system;
Annexes.pdf,Annexes,,,IV,Technical documentation referred to in Article 11(1),5,,detailed description risk management system accordance article 9,A detailed description of the risk management system in accordance with Article 9;
Annexes.pdf,Annexes,,,IV,Technical documentation referred to in Article 11(1),6,,description relevant change provider system lifecycle,A description of relevant changes made by the provider to the system through its lifecycle;
Annexes.pdf,Annexes,,,IV,Technical documentation referred to in Article 11(1),7,,list harmonised standard apply reference publish official journal european union no harmonised standard apply detailed description solution adopt meet requirement set chapter iii section 2 include list relevant standard technical specification apply,"A list of the harmonised standards applied in full or in part the references of which have been published in the Official Journal of the European Union; where no such harmonised standards have been applied, a detailed description of the solutions adopted to meet the requirements set out in Chapter III, Section 2, including a list of other relevant standards and technical specifications applied;"
Annexes.pdf,Annexes,,,IV,Technical documentation referred to in Article 11(1),8,,copy eu declaration conformity refer article 47,A copy of the EU declaration of conformity referred to in Article 47;
Annexes.pdf,Annexes,,,IV,Technical documentation referred to in Article 11(1),9,,detailed description system place evaluate ai system performance post market phase accordance article 72 include post market monitoring plan refer article 72(3,"A detailed description of the system in place to evaluate the AI system performance in the post-market phase in accordance with Article 72, including the post-market monitoring plan referred to in Article 72(3)."
Annexes.pdf,Annexes,,,V,EU declaration of conformity,,,eu declaration conformity refer article 47 shall contain follow information,"The EU declaration of conformity referred to in Article 47, shall contain all of the following information:"
Annexes.pdf,Annexes,,,V,EU declaration of conformity,1,,ai system type additional unambiguous reference allow identification traceability ai system,AI system name and type and any additional unambiguous reference allowing the identification and traceability of the AI system;
Annexes.pdf,Annexes,,,V,EU declaration of conformity,2,,address provider applicable authorise representative,"The name and address of the provider or, where applicable, of their authorised representative;"
Annexes.pdf,Annexes,,,V,EU declaration of conformity,3,,statement eu declaration conformity refer article 47 issue sole responsibility provider,A statement that the EU declaration of conformity referred to in Article 47 is issued under the sole responsibility of the provider;
Annexes.pdf,Annexes,,,V,EU declaration of conformity,4,,statement ai system conformity regulation applicable relevant union law provide issuing eu declaration conformity refer article 47,"A statement that the AI system is in conformity with this Regulation and, if applicable, with any other relevant Union law that provides for the issuing of the EU declaration of conformity referred to in Article 47;"
Annexes.pdf,Annexes,,,V,EU declaration of conformity,5,,ai system involve processing personal datum statement ai system complie regulations eu 2016/679 eu 2018/1725 directive eu 2016/680,"Where an AI system involves the processing of personal data, a statement that that AI system complies with Regulations (EU) 2016/679 and (EU) 2018/1725 and Directive (EU) 2016/680;"
Annexes.pdf,Annexes,,,V,EU declaration of conformity,6,,reference relevant harmonised standard common specification relation conformity declare,References to any relevant harmonised standards used or any other common specification in relation to which conformity is declared;
Annexes.pdf,Annexes,,,V,EU declaration of conformity,7,,applicable identification number notify body description conformity assessment procedure perform identification certificate issue,"Where applicable, the name and identification number of the notified body, a description of the conformity assessment procedure performed, and identification of the certificate issued;"
Annexes.pdf,Annexes,,,V,EU declaration of conformity,8,,place date issue declaration function person sign indication behalf person sign signature,"The place and date of issue of the declaration, the name and function of the person who signed it, as well as an indication for, or on behalf of whom, that person signed, a signature."
Annexes.pdf,Annexes,,,VI,Conformity assessment procedure based on internal control,1,,conformity assessment procedure base internal control conformity assessment procedure base point 2 3 4,"The conformity assessment procedure based on internal control is the conformity assessment procedure based on points 2, 3 and 4."
Annexes.pdf,Annexes,,,VI,Conformity assessment procedure based on internal control,2,,provider verifie establish quality management system compliance requirement article 17,The provider verifies that the established quality management system is in compliance with the requirements of Article 17.
Annexes.pdf,Annexes,,,VI,Conformity assessment procedure based on internal control,3,,provider examine information contain technical documentation order assess compliance ai system relevant essential requirement set chapter iii section 2,"The provider examines the information contained in the technical documentation in order to assess the compliance of the AI system with the relevant essential requirements set out in Chapter III, Section 2."
Annexes.pdf,Annexes,,,VI,Conformity assessment procedure based on internal control,4,,provider verify design development process ai system post market monitoring refer article 72 consistent technical documentation,The provider also verifies that the design and development process of the AI system and its post-market monitoring as referred to in Article 72 is consistent with the technical documentation.
Annexes.pdf,Annexes,,,VII,Conformity based on an assessment of the quality management system and an assessment of the,,,technical documentation,technical documentation
Annexes.pdf,Annexes,,,VII,Conformity based on an assessment of the quality management system and an assessment of the,1,,introduction conformity base assessment quality management system assessment technical documentation conformity assessment procedure base point 2 5,Introduction Conformity based on an assessment of the quality management system and an assessment of the technical documentation is the conformity assessment procedure based on points 2 to 5.
Annexes.pdf,Annexes,,,VII,Conformity based on an assessment of the quality management system and an assessment of the,2,,overview approve quality management system design development testing ai system pursuant article 17 shall examine accordance point 3 shall subject surveillance specify point 5 technical documentation ai system shall examine accordance point 4,"Overview The approved quality management system for the design, development and testing of AI systems pursuant to Article 17 shall be examined in accordance with point 3 and shall be subject to surveillance as specified in point 5. The technical documentation of the AI system shall be examined in accordance with point 4."
Annexes.pdf,Annexes,,,VII,Conformity based on an assessment of the quality management system and an assessment of the,3,,quality management system,Quality management system
Annexes.pdf,Annexes,,,VII,Conformity based on an assessment of the quality management system and an assessment of the,3,,1 application provider shall include,1. The application of the provider shall include:
Annexes.pdf,Annexes,,,VII,Conformity based on an assessment of the quality management system and an assessment of the,3,3(a),address provider application lodge authorised representative address,"the name and address of the provider and, if the application is lodged by an authorised representative, also their name and address;"
Annexes.pdf,Annexes,,,VII,Conformity based on an assessment of the quality management system and an assessment of the,3,3(b),list ai system cover quality management system,the list of AI systems covered under the same quality management system;
Annexes.pdf,Annexes,,,VII,Conformity based on an assessment of the quality management system and an assessment of the,3,3(c),technical documentation ai system cover quality management system,the technical documentation for each AI system covered under the same quality management system;
Annexes.pdf,Annexes,,,VII,Conformity based on an assessment of the quality management system and an assessment of the,3,3(d),documentation concern quality management system shall cover aspect list article 17,the documentation concerning the quality management system which shall cover all the aspects listed under Article 17;
Annexes.pdf,Annexes,,,VII,Conformity based on an assessment of the quality management system and an assessment of the,3,3(e),description procedure place ensure quality management system remain adequate effective,a description of the procedures in place to ensure that the quality management system remains adequate and effective;
Annexes.pdf,Annexes,,,VII,Conformity based on an assessment of the quality management system and an assessment of the,3,3(f),write declaration application not lodge notify body,a written declaration that the same application has not been lodged with any other notified body.
Annexes.pdf,Annexes,,,VII,Conformity based on an assessment of the quality management system and an assessment of the,3,,2 quality management system shall assess notify body shall determine satisfy requirement refer article 17 decision shall notify provider authorised representative notification shall contain conclusion assessment quality management system reasoned assessment decision,"2. The quality management system shall be assessed by the notified body, which shall determine whether it satisfies the requirements referred to in Article 17. The decision shall be notified to the provider or its authorised representative. The notification shall contain the conclusions of the assessment of the quality management system and the reasoned assessment decision."
Annexes.pdf,Annexes,,,VII,Conformity based on an assessment of the quality management system and an assessment of the,3,,3 quality management system approve shall continue implement maintain provider remain adequate efficient,3. The quality management system as approved shall continue to be implemented and maintained by the provider so that it remains adequate and efficient.
Annexes.pdf,Annexes,,,VII,Conformity based on an assessment of the quality management system and an assessment of the,3,,4 intend change approve quality management system list ai system cover shall bring attention notify body provider propose change shall examine notify body shall decide modify quality management system continue satisfy requirement refer point 3.2 reassessment necessary notify body shall notify provider decision notification shall contain conclusion examination change reasoned assessment decision,"4. Any intended change to the approved quality management system or the list of AI systems covered by the latter shall be brought to the attention of the notified body by the provider. The proposed changes shall be examined by the notified body, which shall decide whether the modified quality management system continues to satisfy the requirements referred to in point 3.2 or whether a reassessment is necessary. The notified body shall notify the provider of its decision. The notification shall contain the conclusions of the examination of the changes and the reasoned assessment decision."
Annexes.pdf,Annexes,,,VII,Conformity based on an assessment of the quality management system and an assessment of the,4,,control technical documentation,Control of the technical documentation.
Annexes.pdf,Annexes,,,VII,Conformity based on an assessment of the quality management system and an assessment of the,4,,1 addition application refer point 3 application notify body choice shall lodge provider assessment technical documentation relate ai system provider intend place market service cover quality management system refer point 3,"1. In addition to the application referred to in point 3, an application with a notified body of their choice shall be lodged by the provider for the assessment of the technical documentation relating to the AI system which the provider intends to place on the market or put into service and which is covered by the quality management system referred to under point 3."
Annexes.pdf,Annexes,,,VII,Conformity based on an assessment of the quality management system and an assessment of the,4,,2 application shall include,2. The application shall include:
Annexes.pdf,Annexes,,,VII,Conformity based on an assessment of the quality management system and an assessment of the,4,4(a),address provider,the name and address of the provider;
Annexes.pdf,Annexes,,,VII,Conformity based on an assessment of the quality management system and an assessment of the,4,4(b),write declaration application not lodge notify body,a written declaration that the same application has not been lodged with any other notified body;
Annexes.pdf,Annexes,,,VII,Conformity based on an assessment of the quality management system and an assessment of the,4,4(c),technical documentation refer annex iv,the technical documentation referred to in Annex IV.
Annexes.pdf,Annexes,,,VII,Conformity based on an assessment of the quality management system and an assessment of the,4,,3 technical documentation shall examine notify body relevant limit necessary fulfil task notify body shall grant access training validation test datum set include appropriate subject security safeguard api relevant technical mean tool enable remote access,"3. The technical documentation shall be examined by the notified body. Where relevant, and limited to what is necessary to fulfil its tasks, the notified body shall be granted full access to the training, validation, and testing data sets used, including, where appropriate and subject to security safeguards, through API or other relevant technical means and tools enabling remote access."
Annexes.pdf,Annexes,,,VII,Conformity based on an assessment of the quality management system and an assessment of the,4,,4 examine technical documentation notify body may require provider supply evidence carry test enable proper assessment conformity ai system requirement set chapter iii section 2 notify body not satisfied test carry provider notify body shall directly carry adequate test appropriate,"4. In examining the technical documentation, the notified body may require that the provider supply further evidence or carry out further tests so as to enable a proper assessment of the conformity of the AI system with the requirements set out in Chapter III, Section 2. Where the notified body is not satisfied with the tests carried out by the provider, the notified body shall itself directly carry out adequate tests, as appropriate."
Annexes.pdf,Annexes,,,VII,Conformity based on an assessment of the quality management system and an assessment of the,4,,5 necessary assess conformity high risk ai system requirement set chapter iii section 2 reasonable mean verify conformity exhaust prove insufficient reason request notify body shall grant access training train model ai system include relevant parameter access shall subject exist union law protection intellectual property trade secret,"5. Where necessary to assess the conformity of the high-risk AI system with the requirements set out in Chapter III, Section 2, after all other reasonable means to verify conformity have been exhausted and have proven to be insufficient, and upon a reasoned request, the notified body shall also be granted access to the training and trained models of the AI system, including its relevant parameters. Such access shall be subject to existing Union law on the protection of intellectual property and trade secrets."
Annexes.pdf,Annexes,,,VII,Conformity based on an assessment of the quality management system and an assessment of the,4,,6 decision notify body shall notify provider authorised representative notification shall contain conclusion assessment technical documentation reasoned assessment decision ai system conformity requirement set chapter iii section 2 notify body shall issue union technical documentation assessment certificate certificate shall indicate address provider conclusion examination condition validity datum necessary identification ai system certificate annex shall contain relevant information allow conformity ai system evaluate allow control ai system use applicable ai system not conformity requirement set chapter iii section 2 notify body shall refuse issue union technical documentation assessment certificate shall inform applicant accordingly give detailed reason refusal ai system not meet requirement relate datum train training ai system need prior application new conformity assessment case reason assessment decision notify body refuse issue union technical documentation assessment certificate shall contain specific consideration quality datum train ai system particular reason non compliance,"6. The decision of the notified body shall be notified to the provider or its authorised representative. The notification shall contain the conclusions of the assessment of the technical documentation and the reasoned assessment decision. Where the AI system is in conformity with the requirements set out in Chapter III, Section 2, the notified body shall issue a Union technical documentation assessment certificate. The certificate shall indicate the name and address of the provider, the conclusions of the examination, the conditions (if any) for its validity and the data necessary for the identification of the AI system. The certificate and its annexes shall contain all relevant information to allow the conformity of the AI system to be evaluated, and to allow for control of the AI system while in use, where applicable. Where the AI system is not in conformity with the requirements set out in Chapter III, Section 2, the notified body shall refuse to issue a Union technical documentation assessment certificate and shall inform the applicant accordingly, giving detailed reasons for its refusal. Where the AI system does not meet the requirement relating to the data used to train it, re-training of the AI system will be needed prior to the application for a new conformity assessment. In this case, the reasoned assessment decision of the notified body refusing to issue the Union technical documentation assessment certificate shall contain specific considerations on the quality data used to train the AI system, in particular on the reasons for non-compliance."
Annexes.pdf,Annexes,,,VII,Conformity based on an assessment of the quality management system and an assessment of the,4,,7 change ai system affect compliance ai system requirement intended purpose shall assess notify body issue union technical documentation assessment certificate provider shall inform notify body intention introduce abovementioned change aware occurrence change intend change shall assess notify body shall decide change require new conformity assessment accordance article 43(4 address mean supplement union technical documentation assessment certificate case notify body shall assess change notify provider decision change approve issue provider supplement union technical documentation assessment certificate,"7. Any change to the AI system that could affect the compliance of the AI system with the requirements or its intended purpose shall be assessed by the notified body which issued the Union technical documentation assessment certificate. The provider shall inform such notified body of its intention to introduce any of the abovementioned changes, or if it otherwise becomes aware of the occurrence of such changes. The intended changes shall be assessed by the notified body, which shall decide whether those changes require a new conformity assessment in accordance with Article 43(4) or whether they could be addressed by means of a supplement to the Union technical documentation assessment certificate. In the latter case, the notified body shall assess the changes, notify the provider of its decision and, where the changes are approved, issue to the provider a supplement to the Union technical documentation assessment certificate."
Annexes.pdf,Annexes,,,VII,Conformity based on an assessment of the quality management system and an assessment of the,5,,surveillance approve quality management system,Surveillance of the approved quality management system.
Annexes.pdf,Annexes,,,VII,Conformity based on an assessment of the quality management system and an assessment of the,5,,1 purpose surveillance carry notify body refer point 3 sure provider duly comply term condition approve quality management system,1. The purpose of the surveillance carried out by the notified body referred to in Point 3 is to make sure that the provider duly complies with the terms and conditions of the approved quality management system.
Annexes.pdf,Annexes,,,VII,Conformity based on an assessment of the quality management system and an assessment of the,5,,2 assessment purpose provider shall allow notify body access premise design development testing ai system take place provider shall share notify body necessary information,"2. For assessment purposes, the provider shall allow the notified body to access the premises where the design, development, testing of the AI systems is taking place. The provider shall further share with the notified body all necessary information."
Annexes.pdf,Annexes,,,VII,Conformity based on an assessment of the quality management system and an assessment of the,5,,3 notify body shall carry periodic audits sure provider maintain apply quality management system shall provide provider audit report context audit notify body may carry additional test ai system union technical documentation assessment certificate issue,"3. The notified body shall carry out periodic audits to make sure that the provider maintains and applies the quality management system and shall provide the provider with an audit report. In the context of those audits, the notified body may carry out additional tests of the AI systems for which a Union technical documentation assessment certificate was issued."
Annexes.pdf,Annexes,,,VIII,Information to be submitted upon the registration of high-risk AI systems in accordance with,,,article 49 section information submit provider high risk ai system accordance article 49(1 follow information shall provide keep date regard high risk ai system register accordance article 49(1,Article 49 Section A — Information to be submitted by providers of high-risk AI systems in accordance with Article 49(1) The following information shall be provided and thereafter kept up to date with regard to high-risk AI systems to be registered in accordance with Article 49(1):
Annexes.pdf,Annexes,,,VIII,Information to be submitted upon the registration of high-risk AI systems in accordance with,1,,address contact detail provider,"The name, address and contact details of the provider;"
Annexes.pdf,Annexes,,,VIII,Information to be submitted upon the registration of high-risk AI systems in accordance with,2,,submission information carry person behalf provider address contact detail person,"Where submission of information is carried out by another person on behalf of the provider, the name, address and contact details of that person;"
Annexes.pdf,Annexes,,,VIII,Information to be submitted upon the registration of high-risk AI systems in accordance with,3,,address contact detail authorise representative applicable,"The name, address and contact details of the authorised representative, where applicable;"
Annexes.pdf,Annexes,,,VIII,Information to be submitted upon the registration of high-risk AI systems in accordance with,4,,ai system trade additional unambiguous reference allow identification traceability ai system,The AI system trade name and any additional unambiguous reference allowing the identification and traceability of the AI system;
Annexes.pdf,Annexes,,,VIII,Information to be submitted upon the registration of high-risk AI systems in accordance with,5,,description intend purpose ai system component function support ai system,A description of the intended purpose of the AI system and of the components and functions supported through this AI system;
Annexes.pdf,Annexes,,,VIII,Information to be submitted upon the registration of high-risk AI systems in accordance with,6,,basic concise description information system datum input operating logic,"A basic and concise description of the information used by the system (data, inputs) and its operating logic;"
Annexes.pdf,Annexes,,,VIII,Information to be submitted upon the registration of high-risk AI systems in accordance with,7,,status ai system market service no long place market service recall,"The status of the AI system (on the market, or in service; no longer placed on the market/in service, recalled);"
Annexes.pdf,Annexes,,,VIII,Information to be submitted upon the registration of high-risk AI systems in accordance with,8,,type number expiry date certificate issue notify body identification number notify body applicable,"The type, number and expiry date of the certificate issued by the notified body and the name or identification number of that notified body, where applicable;"
Annexes.pdf,Annexes,,,VIII,Information to be submitted upon the registration of high-risk AI systems in accordance with,9,,scanned copy certificate refer point 8 applicable,"A scanned copy of the certificate referred to in point 8, where applicable;"
Annexes.pdf,Annexes,,,VIII,Information to be submitted upon the registration of high-risk AI systems in accordance with,10,,member states ai system place market service available union,"Any Member States in which the AI system has been placed on the market, put into service or made available in the Union;"
Annexes.pdf,Annexes,,,VIII,Information to be submitted upon the registration of high-risk AI systems in accordance with,11,,copy eu declaration conformity refer article 47,A copy of the EU declaration of conformity referred to in Article 47;
Annexes.pdf,Annexes,,,VIII,Information to be submitted upon the registration of high-risk AI systems in accordance with,12,,electronic instruction use information shall not provide high risk ai system area law enforcement migration asylum border control management refer annex iii point 1 6 7,"Electronic instructions for use; this information shall not be provided for high-risk AI systems in the areas of law enforcement or migration, asylum and border control management referred to in Annex III, points 1, 6 and 7;"
Annexes.pdf,Annexes,,,VIII,Information to be submitted upon the registration of high-risk AI systems in accordance with,13,,url additional information optional section b information submit provider high risk ai system accordance article 49(2 follow information shall provide keep date regard ai system register accordance article 49(2,A URL for additional information (optional). Section B — Information to be submitted by providers of high-risk AI systems in accordance with Article 49(2) The following information shall be provided and thereafter kept up to date with regard to AI systems to be registered in accordance with Article 49(2):
Annexes.pdf,Annexes,,,VIII,Information to be submitted upon the registration of high-risk AI systems in accordance with,1,,address contact detail provider,"The name, address and contact details of the provider;"
Annexes.pdf,Annexes,,,VIII,Information to be submitted upon the registration of high-risk AI systems in accordance with,2,,submission information carry person behalf provider address contact detail person,"Where submission of information is carried out by another person on behalf of the provider, the name, address and contact details of that person;"
Annexes.pdf,Annexes,,,VIII,Information to be submitted upon the registration of high-risk AI systems in accordance with,3,,address contact detail authorise representative applicable,"The name, address and contact details of the authorised representative, where applicable;"
Annexes.pdf,Annexes,,,VIII,Information to be submitted upon the registration of high-risk AI systems in accordance with,4,,ai system trade additional unambiguous reference allow identification traceability ai system,The AI system trade name and any additional unambiguous reference allowing the identification and traceability of the AI system;
Annexes.pdf,Annexes,,,VIII,Information to be submitted upon the registration of high-risk AI systems in accordance with,5,,description intend purpose ai system,A description of the intended purpose of the AI system;
Annexes.pdf,Annexes,,,VIII,Information to be submitted upon the registration of high-risk AI systems in accordance with,6,,condition condition article 6(3)base ai system consider not high risk,The condition or conditions under Article 6(3)based on which the AI system is considered to be not-high-risk;
Annexes.pdf,Annexes,,,VIII,Information to be submitted upon the registration of high-risk AI systems in accordance with,7,,short summary ground ai system consider not high risk application procedure article 6(3,A short summary of the grounds on which the AI system is considered to be not-high-risk in application of the procedure under Article 6(3);
Annexes.pdf,Annexes,,,VIII,Information to be submitted upon the registration of high-risk AI systems in accordance with,8,,status ai system market service no long place market service recall,"The status of the AI system (on the market, or in service; no longer placed on the market/in service, recalled);"
Annexes.pdf,Annexes,,,VIII,Information to be submitted upon the registration of high-risk AI systems in accordance with,9,,member states ai system place market service available union section c information submit deployer high risk ai system accordance article 49(3 follow information shall provide keep date regard high risk ai system register accordance article 49(3,"Any Member States in which the AI system has been placed on the market, put into service or made available in the Union. Section C — Information to be submitted by deployers of high-risk AI systems in accordance with Article 49(3) The following information shall be provided and thereafter kept up to date with regard to high-risk AI systems to be registered in accordance with Article 49(3):"
Annexes.pdf,Annexes,,,VIII,Information to be submitted upon the registration of high-risk AI systems in accordance with,1,,address contact detail deployer,"The name, address and contact details of the deployer;"
Annexes.pdf,Annexes,,,VIII,Information to be submitted upon the registration of high-risk AI systems in accordance with,2,,address contact detail person submit information behalf deployer,"The name, address and contact details of the person submitting information on behalf of the deployer;"
Annexes.pdf,Annexes,,,VIII,Information to be submitted upon the registration of high-risk AI systems in accordance with,3,,url entry ai system eu database provider,The URL of the entry of the AI system in the EU database by its provider;
Annexes.pdf,Annexes,,,VIII,Information to be submitted upon the registration of high-risk AI systems in accordance with,4,,summary finding fundamental right impact assessment conduct accordance article 27,A summary of the findings of the fundamental rights impact assessment conducted in accordance with Article 27;
Annexes.pdf,Annexes,,,VIII,Information to be submitted upon the registration of high-risk AI systems in accordance with,5,,summary data protection impact assessment carry accordance article 35 regulation eu 2016/679 article 27 directive eu 2016/680 specify article 26(8 regulation applicable,"A summary of the data protection impact assessment carried out in accordance with Article 35 of Regulation (EU) 2016/679 or Article 27 of Directive (EU) 2016/680 as specified in Article 26(8) of this Regulation, where applicable."
Annexes.pdf,Annexes,,,IX,Information to be submitted upon the registration of high-risk AI systems listed in Annex III in,,,relation testing real world condition accordance article 60 follow information shall provide keep date regard testing real world condition register accordance article 60,relation to testing in real world conditions in accordance with Article 60 The following information shall be provided and thereafter kept up to date with regard to testing in real world conditions to be registered in accordance with Article 60:
Annexes.pdf,Annexes,,,IX,Information to be submitted upon the registration of high-risk AI systems listed in Annex III in,1,,union wide unique single identification number testing real world condition,A Union-wide unique single identification number of the testing in real world conditions;
Annexes.pdf,Annexes,,,IX,Information to be submitted upon the registration of high-risk AI systems listed in Annex III in,2,,contact detail provider prospective provider deployer involve testing real world condition,The name and contact details of the provider or prospective provider and of the deployers involved in the testing in real world conditions;
Annexes.pdf,Annexes,,,IX,Information to be submitted upon the registration of high-risk AI systems listed in Annex III in,3,,brief description ai system intend purpose information necessary identification system,"A brief description of the AI system, its intended purpose, and other information necessary for the identification of the system;"
Annexes.pdf,Annexes,,,IX,Information to be submitted upon the registration of high-risk AI systems listed in Annex III in,4,,summary main characteristic plan testing real world condition,A summary of the main characteristics of the plan for testing in real world conditions;
Annexes.pdf,Annexes,,,IX,Information to be submitted upon the registration of high-risk AI systems listed in Annex III in,5,,information suspension termination testing real world condition,Information on the suspension or termination of the testing in real world conditions.
Annexes.pdf,Annexes,,,X,"Union legislative acts on large-scale IT systems in the area of Freedom, Security and Justice",1,,schengen information system,Schengen Information System
Annexes.pdf,Annexes,,,X,"Union legislative acts on large-scale IT systems in the area of Freedom, Security and Justice",1,1(a),regulation eu 2018/1860 european parliament council 28 november 2018 use schengen information system return illegally stay country national oj l 312,"Regulation (EU) 2018/1860 of the European Parliament and of the Council of 28 November 2018 on the use of the Schengen Information System for the return of illegally staying third-country nationals (OJ L 312,"
Annexes.pdf,Annexes,,,X,"Union legislative acts on large-scale IT systems in the area of Freedom, Security and Justice",7,,12.2018 p. 1,"12.2018, p. 1)."
Annexes.pdf,Annexes,,,X,"Union legislative acts on large-scale IT systems in the area of Freedom, Security and Justice",7,7(b),regulation eu 2018/1861 european parliament council 28 november 2018 establishment operation use schengen information system sis field border check amend convention implement schengen agreement amend repeal regulation ec no 1987/2006 oj l 312 7.12.2018 p. 14,"Regulation (EU) 2018/1861 of the European Parliament and of the Council of 28 November 2018 on the establishment, operation and use of the Schengen Information System (SIS) in the field of border checks, and amending the Convention implementing the Schengen Agreement, and amending and repealing Regulation (EC) No 1987/2006 (OJ L 312, 7.12.2018, p. 14)."
Annexes.pdf,Annexes,,,X,"Union legislative acts on large-scale IT systems in the area of Freedom, Security and Justice",7,7(c),regulation eu 2018/1862 european parliament council 28 november 2018 establishment operation use schengen information system sis field police cooperation judicial cooperation criminal matter amend repeal council decision 2007/533 jha repeal regulation ec no 1986/2006 european parliament council commission decision 2010/261 eu oj l 312 7.12.2018 p. 56,"Regulation (EU) 2018/1862 of the European Parliament and of the Council of 28 November 2018 on the establishment, operation and use of the Schengen Information System (SIS) in the field of police cooperation and judicial cooperation in criminal matters, amending and repealing Council Decision 2007/533/JHA, and repealing Regulation (EC) No 1986/2006 of the European Parliament and of the Council and Commission Decision 2010/261/EU (OJ L 312, 7.12.2018, p. 56)."
Annexes.pdf,Annexes,,,X,"Union legislative acts on large-scale IT systems in the area of Freedom, Security and Justice",2,,visa information system,Visa Information System
Annexes.pdf,Annexes,,,X,"Union legislative acts on large-scale IT systems in the area of Freedom, Security and Justice",2,2(a),regulation eu 2021/1133 european parliament council 7 july 2021 amend regulations eu no 603/2013 eu 2016/794 eu 2018/1862 eu 2019/816 eu 2019/818 regard establishment condition access eu information system purpose visa information system oj l 248 13.7.2021 p. 1,"Regulation (EU) 2021/1133 of the European Parliament and of the Council of 7 July 2021 amending Regulations (EU) No 603/2013, (EU) 2016/794, (EU) 2018/1862, (EU) 2019/816 and (EU) 2019/818 as regards the establishment of the conditions for accessing other EU information systems for the purposes of the Visa Information System (OJ L 248, 13.7.2021, p. 1)."
Annexes.pdf,Annexes,,,X,"Union legislative acts on large-scale IT systems in the area of Freedom, Security and Justice",2,2(b),regulation eu 2021/1134 european parliament council 7 july 2021 amend regulations ec no 767/2008 ec no 810/2009 eu 2016/399 eu 2017/2226 eu 2018/1240 eu 2018/1860 eu 2018/1861 eu 2019/817 eu 2019/1896 european parliament council repeal council decisions 2004/512 ec 2008/633 jha purpose reform visa information system oj l 248 13.7.2021 p. 11,"Regulation (EU) 2021/1134 of the European Parliament and of the Council of 7 July 2021 amending Regulations (EC) No 767/2008, (EC) No 810/2009, (EU) 2016/399, (EU) 2017/2226, (EU) 2018/1240, (EU) 2018/1860, (EU) 2018/1861, (EU) 2019/817 and (EU) 2019/1896 of the European Parliament and of the Council and repealing Council Decisions 2004/512/EC and 2008/633/JHA, for the purpose of reforming the Visa Information System (OJ L 248, 13.7.2021, p. 11)."
Annexes.pdf,Annexes,,,X,"Union legislative acts on large-scale IT systems in the area of Freedom, Security and Justice",3,,eurodac regulation eu 2024/1358 european parliament council 14 may 2024 establishment eurodac comparison biometric datum order effectively apply regulations eu 2024/1315 eu 2024/1350 european parliament council council directive 2001/55 ec identify illegally stay country national stateless person request comparison eurodac datum member states law enforcement authority europol law enforcement purpose amend regulations eu 2018/1240 eu 2019/818 european parliament council repeal regulation eu no 603/2013 european parliament council oj l 2024/1358 22.5.2024 eli http://data.europa eu eli reg/2024/1358 oj,"Eurodac Regulation (EU) 2024/1358 of the European Parliament and of the Council of 14 May 2024 on the establishment of ‘Eurodac’ for the comparison of biometric data in order to effectively apply Regulations (EU) 2024/1315 and (EU) 2024/1350 of the European Parliament and of the Council and Council Directive 2001/55/EC and to identify illegally staying third-country nationals and stateless persons and on requests for the comparison with Eurodac data by Member States’ law enforcement authorities and Europol for law enforcement purposes, amending Regulations (EU) 2018/1240 and (EU) 2019/818 of the European Parliament and of the Council and repealing Regulation (EU) No 603/2013 of the European Parliament and of the Council (OJ L, 2024/1358, 22.5.2024, ELI: http://data.europa. eu/eli/reg/2024/1358/oj)."
Annexes.pdf,Annexes,,,X,"Union legislative acts on large-scale IT systems in the area of Freedom, Security and Justice",4,,entry exit system regulation eu 2017/2226 european parliament council 30 november 2017 establish entry exit system ees register entry exit datum refusal entry datum country national cross external border member states determine condition access ees law enforcement purpose amend convention implement schengen agreement regulations ec no 767/2008 eu no 1077/2011 oj l 327 9.12.2017 p. 20,"Entry/Exit System Regulation (EU) 2017/2226 of the European Parliament and of the Council of 30 November 2017 establishing an Entry/Exit System (EES) to register entry and exit data and refusal of entry data of third-country nationals crossing the external borders of the Member States and determining the conditions for access to the EES for law enforcement purposes, and amending the Convention implementing the Schengen Agreement and Regulations (EC) No 767/2008 and (EU) No 1077/2011 (OJ L 327, 9.12.2017, p. 20)."
Annexes.pdf,Annexes,,,X,"Union legislative acts on large-scale IT systems in the area of Freedom, Security and Justice",5,,european travel information authorisation system,European Travel Information and Authorisation System
Annexes.pdf,Annexes,,,X,"Union legislative acts on large-scale IT systems in the area of Freedom, Security and Justice",5,5(a),regulation eu 2018/1240 european parliament council 12 september 2018 establish european travel information authorisation system etias amend regulations eu no 1077/2011 eu no 515/2014 eu 2016/399 eu 2016/1624 eu 2017/2226 oj l 236,"Regulation (EU) 2018/1240 of the European Parliament and of the Council of 12 September 2018 establishing a European Travel Information and Authorisation System (ETIAS) and amending Regulations (EU) No 1077/2011, (EU) No 515/2014, (EU) 2016/399, (EU) 2016/1624 and (EU) 2017/2226 (OJ L 236,"
Annexes.pdf,Annexes,,,X,"Union legislative acts on large-scale IT systems in the area of Freedom, Security and Justice",19,,9.2018 p. 1,"9.2018, p. 1)."
Annexes.pdf,Annexes,,,X,"Union legislative acts on large-scale IT systems in the area of Freedom, Security and Justice",19,19(b),regulation eu 2018/1241 european parliament council 12 september 2018 amend regulation eu 2016/794 purpose establish european travel information authorisation system etias oj l 236 19.9.2018 p. 72,"Regulation (EU) 2018/1241 of the European Parliament and of the Council of 12 September 2018 amending Regulation (EU) 2016/794 for the purpose of establishing a European Travel Information and Authorisation System (ETIAS) (OJ L 236, 19.9.2018, p. 72)."
Annexes.pdf,Annexes,,,X,"Union legislative acts on large-scale IT systems in the area of Freedom, Security and Justice",6,,european criminal records information system country national stateless person regulation eu 2019/816 european parliament council 17 april 2019 establish centralised system identification member states hold conviction information country national stateless person ecris tcn supplement european criminal records information system amend regulation eu 2018/1726 oj l 135 22.5.2019 p. 1,"European Criminal Records Information System on third-country nationals and stateless persons Regulation (EU) 2019/816 of the European Parliament and of the Council of 17 April 2019 establishing a centralised system for the identification of Member States holding conviction information on third-country nationals and stateless persons (ECRIS-TCN) to supplement the European Criminal Records Information System and amending Regulation (EU) 2018/1726 (OJ L 135, 22.5.2019, p. 1)."
Annexes.pdf,Annexes,,,X,"Union legislative acts on large-scale IT systems in the area of Freedom, Security and Justice",7,,interoperability,Interoperability
Annexes.pdf,Annexes,,,X,"Union legislative acts on large-scale IT systems in the area of Freedom, Security and Justice",7,7(a),regulation eu 2019/817 european parliament council 20 may 2019 establish framework interoperability eu information system field border visa amend regulations ec no 767/2008 eu 2016/399 eu 2017/2226 eu 2018/1240 eu 2018/1726 eu 2018/1861 european parliament council council decisions 2004/512 ec 2008/633 jha oj l 135 22.5.2019 p. 27,"Regulation (EU) 2019/817 of the European Parliament and of the Council of 20 May 2019 on establishing a framework for interoperability between EU information systems in the field of borders and visa and amending Regulations (EC) No 767/2008, (EU) 2016/399, (EU) 2017/2226, (EU) 2018/1240, (EU) 2018/1726 and (EU) 2018/1861 of the European Parliament and of the Council and Council Decisions 2004/512/EC and 2008/633/JHA (OJ L 135, 22.5.2019, p. 27)."
Annexes.pdf,Annexes,,,X,"Union legislative acts on large-scale IT systems in the area of Freedom, Security and Justice",7,7(b),regulation eu 2019/818 european parliament council 20 may 2019 establish framework interoperability eu information system field police judicial cooperation asylum migration amend regulations eu 2018/1726 eu 2018/1862 eu 2019/816 oj l 135 22.5.2019 p. 85,"Regulation (EU) 2019/818 of the European Parliament and of the Council of 20 May 2019 on establishing a framework for interoperability between EU information systems in the field of police and judicial cooperation, asylum and migration and amending Regulations (EU) 2018/1726, (EU) 2018/1862 and (EU) 2019/816 (OJ L 135, 22.5.2019, p. 85)."
Annexes.pdf,Annexes,,,XI,"Technical documentation referred to in Article 53(1), point (a) — technical documentation for",,,provider general purpose ai model section 1 information provide provider general purpose ai model technical documentation refer article 53(1 point shall contain follow information appropriate size risk profile model,"providers of general-purpose AI models Section 1 Information to be provided by all providers of general-purpose AI models The technical documentation referred to in Article 53(1), point (a) shall contain at least the following information as appropriate to the size and risk profile of the model:"
Annexes.pdf,Annexes,,,XI,"Technical documentation referred to in Article 53(1), point (a) — technical documentation for",1,,general description general purpose ai model include,A general description of the general-purpose AI model including:
Annexes.pdf,Annexes,,,XI,"Technical documentation referred to in Article 53(1), point (a) — technical documentation for",1,1(a),task model intend perform type nature ai system integrate,the tasks that the model is intended to perform and the type and nature of AI systems in which it can be integrated;
Annexes.pdf,Annexes,,,XI,"Technical documentation referred to in Article 53(1), point (a) — technical documentation for",1,1(b),acceptable use policy applicable,the acceptable use policies applicable;
Annexes.pdf,Annexes,,,XI,"Technical documentation referred to in Article 53(1), point (a) — technical documentation for",1,1(c),date release method distribution,the date of release and methods of distribution;
Annexes.pdf,Annexes,,,XI,"Technical documentation referred to in Article 53(1), point (a) — technical documentation for",1,1(d),architecture number parameter,the architecture and number of parameters;
Annexes.pdf,Annexes,,,XI,"Technical documentation referred to in Article 53(1), point (a) — technical documentation for",1,1(e),modality e.g. text image format input output,"the modality (e.g. text, image) and format of inputs and outputs;"
Annexes.pdf,Annexes,,,XI,"Technical documentation referred to in Article 53(1), point (a) — technical documentation for",1,1(f),licence,the licence.
Annexes.pdf,Annexes,,,XI,"Technical documentation referred to in Article 53(1), point (a) — technical documentation for",2,,detailed description element model refer point 1 relevant information process development include follow element,"A detailed description of the elements of the model referred to in point 1, and relevant information of the process for the development, including the following elements:"
Annexes.pdf,Annexes,,,XI,"Technical documentation referred to in Article 53(1), point (a) — technical documentation for",2,2(a),technical mean e.g. instruction use infrastructure tool require general purpose ai model integrate ai system,"the technical means (e.g. instructions of use, infrastructure, tools) required for the general-purpose AI model to be integrated in AI systems;"
Annexes.pdf,Annexes,,,XI,"Technical documentation referred to in Article 53(1), point (a) — technical documentation for",2,2(b),design specification model training process include training methodology technique key design choice include rationale assumption model design optimise relevance different parameter applicable,"the design specifications of the model and training process, including training methodologies and techniques, the key design choices including the rationale and assumptions made; what the model is designed to optimise for and the relevance of the different parameters, as applicable;"
Annexes.pdf,Annexes,,,XI,"Technical documentation referred to in Article 53(1), point (a) — technical documentation for",2,2(c),information datum training testing validation applicable include type provenance datum curation methodology e.g. cleaning filtering etc number data point scope main characteristic datum obtain select measure detect unsuitability datum source method detect identifiable bias applicable,"information on the data used for training, testing and validation, where applicable, including the type and provenance of data and curation methodologies (e.g. cleaning, filtering, etc.), the number of data points, their scope and main characteristics; how the data was obtained and selected as well as all other measures to detect the unsuitability of data sources and methods to detect identifiable biases, where applicable;"
Annexes.pdf,Annexes,,,XI,"Technical documentation referred to in Article 53(1), point (a) — technical documentation for",2,2(d),computational resource train model e.g. number float point operation training time relevant detail relate training,"the computational resources used to train the model (e.g. number of floating point operations), training time, and other relevant details related to the training;"
Annexes.pdf,Annexes,,,XI,"Technical documentation referred to in Article 53(1), point (a) — technical documentation for",2,2(e),know estimate energy consumption model regard point e energy consumption model unknown energy consumption may base information computational resource section 2 additional information provide provider general purpose ai model systemic risk,"known or estimated energy consumption of the model. With regard to point (e), where the energy consumption of the model is unknown, the energy consumption may be based on information about computational resources used. Section 2 Additional information to be provided by providers of general-purpose AI models with systemic risk"
Annexes.pdf,Annexes,,,XI,"Technical documentation referred to in Article 53(1), point (a) — technical documentation for",1,,detailed description evaluation strategy include evaluation result basis available public evaluation protocol tool evaluation methodology evaluation strategy shall include evaluation criterion metric methodology identification limitation,"A detailed description of the evaluation strategies, including evaluation results, on the basis of available public evaluation protocols and tools or otherwise of other evaluation methodologies. Evaluation strategies shall include evaluation criteria, metrics and the methodology on the identification of limitations."
Annexes.pdf,Annexes,,,XI,"Technical documentation referred to in Article 53(1), point (a) — technical documentation for",2,,applicable detailed description measure place purpose conduct internal and/or external adversarial testing e.g. red teaming model adaptation include alignment fine tuning,"Where applicable, a detailed description of the measures put in place for the purpose of conducting internal and/or external adversarial testing (e.g. red teaming), model adaptations, including alignment and fine-tuning."
Annexes.pdf,Annexes,,,XI,"Technical documentation referred to in Article 53(1), point (a) — technical documentation for",3,,applicable detailed description system architecture explain software component build feed integrate overall processing,"Where applicable, a detailed description of the system architecture explaining how software components build or feed into each other and integrate into the overall processing."
Annexes.pdf,Annexes,,,XII,"Transparency information referred to in Article 53(1), point (b) — technical documentation for",,,provider general purpose ai model downstream provider integrate model ai system information refer article 53(1 point b shall contain following,"providers of general-purpose AI models to downstream providers that integrate the model into their AI system The information referred to in Article 53(1), point (b) shall contain at least the following:"
Annexes.pdf,Annexes,,,XII,"Transparency information referred to in Article 53(1), point (b) — technical documentation for",1,,general description general purpose ai model include,A general description of the general-purpose AI model including:
Annexes.pdf,Annexes,,,XII,"Transparency information referred to in Article 53(1), point (b) — technical documentation for",1,1(a),task model intend perform type nature ai system integrate,the tasks that the model is intended to perform and the type and nature of AI systems into which it can be integrated;
Annexes.pdf,Annexes,,,XII,"Transparency information referred to in Article 53(1), point (b) — technical documentation for",1,1(b),acceptable use policy applicable,the acceptable use policies applicable;
Annexes.pdf,Annexes,,,XII,"Transparency information referred to in Article 53(1), point (b) — technical documentation for",1,1(c),date release method distribution,the date of release and methods of distribution;
Annexes.pdf,Annexes,,,XII,"Transparency information referred to in Article 53(1), point (b) — technical documentation for",1,1(d),model interact interact hardware software not model applicable,"how the model interacts, or can be used to interact, with hardware or software that is not part of the model itself, where applicable;"
Annexes.pdf,Annexes,,,XII,"Transparency information referred to in Article 53(1), point (b) — technical documentation for",1,1(e),version relevant software relate use general purpose ai model applicable,"the versions of relevant software related to the use of the general-purpose AI model, where applicable;"
Annexes.pdf,Annexes,,,XII,"Transparency information referred to in Article 53(1), point (b) — technical documentation for",1,1(f),architecture number parameter,the architecture and number of parameters;
Annexes.pdf,Annexes,,,XII,"Transparency information referred to in Article 53(1), point (b) — technical documentation for",1,1(g),modality e.g. text image format input output,"the modality (e.g. text, image) and format of inputs and outputs;"
Annexes.pdf,Annexes,,,XII,"Transparency information referred to in Article 53(1), point (b) — technical documentation for",1,1(h),licence model,the licence for the model.
Annexes.pdf,Annexes,,,XII,"Transparency information referred to in Article 53(1), point (b) — technical documentation for",2,,description element model process development include,"A description of the elements of the model and of the process for its development, including:"
Annexes.pdf,Annexes,,,XII,"Transparency information referred to in Article 53(1), point (b) — technical documentation for",2,2(a),technical mean e.g. instruction use infrastructure tool require general purpose ai model integrate ai system,"the technical means (e.g. instructions for use, infrastructure, tools) required for the general-purpose AI model to be integrated into AI systems;"
Annexes.pdf,Annexes,,,XII,"Transparency information referred to in Article 53(1), point (b) — technical documentation for",2,2(b),modality e.g. text image etc format input output maximum size e.g. context window length etc,"the modality (e.g. text, image, etc.) and format of the inputs and outputs and their maximum size (e.g. context window length, etc.);"
Annexes.pdf,Annexes,,,XII,"Transparency information referred to in Article 53(1), point (b) — technical documentation for",2,2(c),information datum training testing validation applicable include type provenance datum curation methodology,"information on the data used for training, testing and validation, where applicable, including the type and provenance of data and curation methodologies."
Annexes.pdf,Annexes,,,XIII,Criteria for the designation of general-purpose AI models with systemic risk referred to in Article 51,,,purpose determine general purpose ai model capability impact equivalent set article 51(1 point commission shall account following criterion,"For the purpose of determining that a general-purpose AI model has capabilities or an impact equivalent to those set out in Article 51(1), point (a), the Commission shall take into account the following criteria:"
Annexes.pdf,Annexes,,,XIII,Criteria for the designation of general-purpose AI models with systemic risk referred to in Article 51,,(a),number parameter model,the number of parameters of the model;
Annexes.pdf,Annexes,,,XIII,Criteria for the designation of general-purpose AI models with systemic risk referred to in Article 51,,(b),quality size datum set example measure token,"the quality or size of the data set, for example measured through tokens;"
Annexes.pdf,Annexes,,,XIII,Criteria for the designation of general-purpose AI models with systemic risk referred to in Article 51,,(c),computation train model measure float point operation indicate combination variable estimate cost training estimate time require training estimate energy consumption training,"the amount of computation used for training the model, measured in floating point operations or indicated by a combination of other variables such as estimated cost of training, estimated time required for the training, or estimated energy consumption for the training;"
Annexes.pdf,Annexes,,,XIII,Criteria for the designation of general-purpose AI models with systemic risk referred to in Article 51,,(d),input output modality model text text large language model text image multi modality state art threshold determine high impact capability modality specific type input output e.g. biological sequence,"the input and output modalities of the model, such as text to text (large language models), text to image, multi-modality, and the state of the art thresholds for determining high-impact capabilities for each modality, and the specific type of inputs and outputs (e.g. biological sequences);"
Annexes.pdf,Annexes,,,XIII,Criteria for the designation of general-purpose AI models with systemic risk referred to in Article 51,,(e),benchmark evaluation capability model include consider number task additional training adaptability learn new distinct task level autonomy scalability tool access,"the benchmarks and evaluations of capabilities of the model, including considering the number of tasks without additional training, adaptability to learn new, distinct tasks, its level of autonomy and scalability, the tools it has access to;"
Annexes.pdf,Annexes,,,XIII,Criteria for the designation of general-purpose AI models with systemic risk referred to in Article 51,,(f),high impact internal market reach shall presume available 10 000 register business user establish union,"whether it has a high impact on the internal market due to its reach, which shall be presumed when it has been made available to at least 10 000 registered business users established in the Union;"
Annexes.pdf,Annexes,,,XIII,Criteria for the designation of general-purpose AI models with systemic risk referred to in Article 51,,(g),number register end user,the number of registered end-users.
